{
    "installCommand": "npm ci",
    "buildCommand": "npm run build",
    "outputDirectory": "dist",
    "framework": "vite",
    "headers": [
        {
            "source": "/(.*)",
            "headers": [
                {
                    "key": "X-Content-Type-Options",
                    "value": "nosniff"
                },
                {
                    "key": "X-Frame-Options",
                    "value": "DENY"
                },
                {
                    "key": "X-XSS-Protection",
                    "value": "1; mode=block"
                },
                {
                    "key": "Referrer-Policy",
                    "value": "strict-origin-when-cross-origin"
                },
                {
                    "key": "Permissions-Policy",
                    "value": "geolocation=(self), microphone=(), camera=()"
                }
            ]
        }
    ],
    "functions": {
        "api/**/*.js": {
            "memory": 1024,
            "maxDuration": 10
        }
    },
    "rewrites": [
        {
            "source": "/api/(.*)",
            "destination": "/api"
        },
        {
            "source": "/((?!api/.*).*)",
            "destination": "/index.html"
        }
    ]
}