[
  {
    "id": "d51a098e-33e8-412a-bcf2-fbe3009c6c13",
    "prescription_id": "3d0440c5-cb4e-4502-bc92-52a42020e236",
    "date": "2025-12-14",
    "scheduled_time": "08:00:00",
    "taken_at": "2025-12-15T00:49:40.261-03:00",
    "status": "taken",
    "notes": null,
    "created_at": "2025-12-15T00:49:41.334795-03:00",
    "taken_by": "b36c1774-bcda-4e2e-9ccf-b20c23089c40"
  },
  {
    "id": "00ced61d-d524-4611-8c1d-c6e78dbf2bbc",
    "prescription_id": "9125f7b2-434f-4a27-a2cf-5c98094ca160",
    "date": "2025-12-16",
    "scheduled_time": "23:55:00",
    "taken_at": "2025-12-16T00:06:33.389-03:00",
    "status": "taken",
    "notes": null,
    "created_at": "2025-12-16T00:06:34.8328-03:00",
    "taken_by": "b36c1774-bcda-4e2e-9ccf-b20c23089c40"
  },
  {
    "id": "3f422fc0-751f-4315-aea6-d2aa15555d36",
    "prescription_id": "9125f7b2-434f-4a27-a2cf-5c98094ca160",
    "date": "2025-12-15",
    "scheduled_time": "23:55:00",
    "taken_at": "2025-12-16T00:35:22.345-03:00",
    "status": "taken",
    "notes": null,
    "created_at": "2025-12-16T00:35:26.30656-03:00",
    "taken_by": "b36c1774-bcda-4e2e-9ccf-b20c23089c40"
  }
]