[
  {
    "id": "d0d12e73-a17c-41aa-831d-9c326e4dc83c",
    "user_id": "f7d00018-fb2d-471a-acde-7405db7390dc",
    "name": "Paciente 1",
    "birth_date": "1970-11-07",
    "phone": "(17) 99142-6306",
    "condition": "tem de tudo",
    "cep": "15610-378",
    "street": "Rua Aicás",
    "number": "65",
    "complement": "",
    "neighborhood": "Jardim Residencial Uirapuru",
    "city": "Fernandópolis",
    "state": "SP",
    "observations": "especial",
    "created_at": "2025-12-02T22:39:56.20705-03:00",
    "updated_at": "2025-12-02T22:39:56.20705-03:00",
    "email": null,
    "blood_type": null,
    "allergies": null,
    "emergency_contact_name": null,
    "emergency_contact_phone": null
  },
  {
    "id": "b0c0aa88-dc7b-47c5-8ff2-4b6626cc1fc5",
    "user_id": "f7d00018-fb2d-471a-acde-7405db7390dc",
    "name": "paciente 2",
    "birth_date": "1939-03-15",
    "phone": "(17) 99142-6306",
    "condition": "tudo",
    "cep": "15600-218",
    "street": "Rua Paraíba",
    "number": "1698",
    "complement": "",
    "neighborhood": "Vila Regina",
    "city": "Fernandópolis",
    "state": "SP",
    "observations": "",
    "created_at": "2025-12-02T22:53:13.658313-03:00",
    "updated_at": "2025-12-02T22:53:13.658313-03:00",
    "email": null,
    "blood_type": null,
    "allergies": null,
    "emergency_contact_name": null,
    "emergency_contact_phone": null
  },
  {
    "id": "55184598-3ce5-4068-804d-f4d9313a35ac",
    "user_id": "b36c1774-bcda-4e2e-9ccf-b20c23089c40",
    "name": "Paciente 1 Silvio Adriano Borsetti Gregório",
    "birth_date": "1970-11-07",
    "phone": "(17) 99142-6306",
    "condition": "teste",
    "cep": "15610-378",
    "street": "Rua Aicás",
    "number": "65",
    "complement": "",
    "neighborhood": "Jardim Residencial Uirapuru",
    "city": "Fernandópolis",
    "state": "SP",
    "observations": "teste",
    "created_at": "2025-12-06T10:48:08.215668-03:00",
    "updated_at": "2025-12-18T02:11:40.637618-03:00",
    "email": "sigsis@gmail.com",
    "blood_type": "A+",
    "allergies": "sem alergia",
    "emergency_contact_name": null,
    "emergency_contact_phone": null
  },
  {
    "id": "3a94ee66-e3e2-4a6b-a789-2c3876758d85",
    "user_id": "b36c1774-bcda-4e2e-9ccf-b20c23089c40",
    "name": "paciente2",
    "birth_date": "1970-12-12",
    "phone": "(17) 99142-6306",
    "condition": "",
    "cep": "15600-218",
    "street": "Rua Paraíba",
    "number": "1698",
    "complement": "",
    "neighborhood": "Vila Regina",
    "city": "Fernandópolis",
    "state": "SP",
    "observations": "",
    "created_at": "2025-12-08T16:19:14.744612-03:00",
    "updated_at": "2025-12-18T18:42:08.125624-03:00",
    "email": "sigremedios@gmail.com",
    "blood_type": null,
    "allergies": null,
    "emergency_contact_name": null,
    "emergency_contact_phone": null
  }
]