[
  {
    "id": "1b5651ae-503a-45ec-9d51-8760a7ae55a0",
    "patient_id": "55184598-3ce5-4068-804d-f4d9313a35ac",
    "triggered_by": "b36c1774-bcda-4e2e-9ccf-b20c23089c40",
    "created_at": "2025-12-20T03:10:49.895143-03:00",
    "location_lat": -20.2670533,
    "location_lng": -50.2646485,
    "status": "active",
    "resolved_at": null,
    "accuracy": 20,
    "address": "Rua Aicás, 65 - Jardim Residencial Uirapuru, Fernandópolis - SP, Brasil"
  },
  {
    "id": "6cef0d1a-3312-4b92-9a8a-47c7f9f15826",
    "patient_id": "55184598-3ce5-4068-804d-f4d9313a35ac",
    "triggered_by": "b36c1774-bcda-4e2e-9ccf-b20c23089c40",
    "created_at": "2025-12-20T03:11:19.05137-03:00",
    "location_lat": -20.2670533,
    "location_lng": -50.2646485,
    "status": "active",
    "resolved_at": null,
    "accuracy": 20,
    "address": "Rua Aicás, 65 - Jardim Residencial Uirapuru, Fernandópolis - SP, Brasil"
  },
  {
    "id": "4660465c-34aa-4a4d-92eb-8226ee22e5a9",
    "patient_id": "55184598-3ce5-4068-804d-f4d9313a35ac",
    "triggered_by": "b36c1774-bcda-4e2e-9ccf-b20c23089c40",
    "created_at": "2025-12-20T03:12:33.661917-03:00",
    "location_lat": -21.1746,
    "location_lng": -47.7996,
    "status": "active",
    "resolved_at": null,
    "accuracy": 5000,
    "address": null
  },
  {
    "id": "71262459-b10c-4c3c-ab2e-6927f98d9648",
    "patient_id": "55184598-3ce5-4068-804d-f4d9313a35ac",
    "triggered_by": "b36c1774-bcda-4e2e-9ccf-b20c23089c40",
    "created_at": "2025-12-20T03:12:57.162172-03:00",
    "location_lat": -20.2670533,
    "location_lng": -50.2646485,
    "status": "active",
    "resolved_at": null,
    "accuracy": 20,
    "address": "Rua Aicás, 65 - Jardim Residencial Uirapuru, Fernandópolis - SP, Brasil"
  },
  {
    "id": "2d4b7012-b612-4ef3-9f82-fb06560c0f08",
    "patient_id": "55184598-3ce5-4068-804d-f4d9313a35ac",
    "triggered_by": "b36c1774-bcda-4e2e-9ccf-b20c23089c40",
    "created_at": "2025-12-20T03:13:26.257227-03:00",
    "location_lat": -20.2670533,
    "location_lng": -50.2646485,
    "status": "active",
    "resolved_at": null,
    "accuracy": 20,
    "address": "Rua Aicás, 65 - Jardim Residencial Uirapuru, Fernandópolis - SP, Brasil"
  },
  {
    "id": "84626adf-8e71-4c4b-af9e-9d4b507ee85f",
    "patient_id": "55184598-3ce5-4068-804d-f4d9313a35ac",
    "triggered_by": "b36c1774-bcda-4e2e-9ccf-b20c23089c40",
    "created_at": "2025-12-20T03:13:52.771639-03:00",
    "location_lat": -20.2670533,
    "location_lng": -50.2646485,
    "status": "active",
    "resolved_at": null,
    "accuracy": 20,
    "address": "Rua Aicás, 65 - Jardim Residencial Uirapuru, Fernandópolis - SP, Brasil"
  },
  {
    "id": "eab4c5cf-cf49-4620-aa30-73efa627dc22",
    "patient_id": "55184598-3ce5-4068-804d-f4d9313a35ac",
    "triggered_by": "b36c1774-bcda-4e2e-9ccf-b20c23089c40",
    "created_at": "2025-12-20T03:15:25.589559-03:00",
    "location_lat": -20.2670533,
    "location_lng": -50.2646485,
    "status": "active",
    "resolved_at": null,
    "accuracy": 20,
    "address": "Rua Aicás, 65 - Jardim Residencial Uirapuru, Fernandópolis - SP, Brasil"
  },
  {
    "id": "c0fd9b6d-edbd-4809-980d-5bfbf7651a7f",
    "patient_id": "55184598-3ce5-4068-804d-f4d9313a35ac",
    "triggered_by": "b36c1774-bcda-4e2e-9ccf-b20c23089c40",
    "created_at": "2025-12-20T03:19:09.947351-03:00",
    "location_lat": -20.2670533,
    "location_lng": -50.2646485,
    "status": "active",
    "resolved_at": null,
    "accuracy": 20,
    "address": "Rua Aicás, 65 - Jardim Residencial Uirapuru, Fernandópolis - SP, Brasil"
  },
  {
    "id": "83ed9111-d11d-4709-85f9-8783665243a4",
    "patient_id": "55184598-3ce5-4068-804d-f4d9313a35ac",
    "triggered_by": "b36c1774-bcda-4e2e-9ccf-b20c23089c40",
    "created_at": "2025-12-20T03:21:08.55575-03:00",
    "location_lat": -20.2670533,
    "location_lng": -50.2646485,
    "status": "active",
    "resolved_at": null,
    "accuracy": 20,
    "address": "Rua Aicás, 65 - Jardim Residencial Uirapuru, Fernandópolis - SP, Brasil"
  },
  {
    "id": "f85eeca2-15d6-47d8-9b72-727f649467d3",
    "patient_id": "55184598-3ce5-4068-804d-f4d9313a35ac",
    "triggered_by": "b36c1774-bcda-4e2e-9ccf-b20c23089c40",
    "created_at": "2025-12-20T03:22:12.47029-03:00",
    "location_lat": -20.2670533,
    "location_lng": -50.2646485,
    "status": "active",
    "resolved_at": null,
    "accuracy": 20,
    "address": "Rua Aicás, 65 - Jardim Residencial Uirapuru, Fernandópolis - SP, Brasil"
  },
  {
    "id": "37ec3d92-8d20-4a35-9cbd-dafb64f4a571",
    "patient_id": "55184598-3ce5-4068-804d-f4d9313a35ac",
    "triggered_by": "b36c1774-bcda-4e2e-9ccf-b20c23089c40",
    "created_at": "2025-12-20T03:22:43.285384-03:00",
    "location_lat": -20.2670533,
    "location_lng": -50.2646485,
    "status": "active",
    "resolved_at": null,
    "accuracy": 20,
    "address": "Rua Aicás, 65 - Jardim Residencial Uirapuru, Fernandópolis - SP, Brasil"
  },
  {
    "id": "cdec3dbb-f998-4117-a507-f0e868921a04",
    "patient_id": "55184598-3ce5-4068-804d-f4d9313a35ac",
    "triggered_by": "b36c1774-bcda-4e2e-9ccf-b20c23089c40",
    "created_at": "2025-12-20T03:23:56.241003-03:00",
    "location_lat": -20.2670533,
    "location_lng": -50.2646485,
    "status": "active",
    "resolved_at": null,
    "accuracy": 20,
    "address": "Rua Aicás, 65 - Jardim Residencial Uirapuru, Fernandópolis - SP, Brasil"
  },
  {
    "id": "6016a36f-7534-4d80-ad80-9ac705fba942",
    "patient_id": "55184598-3ce5-4068-804d-f4d9313a35ac",
    "triggered_by": "b36c1774-bcda-4e2e-9ccf-b20c23089c40",
    "created_at": "2025-12-20T03:25:12.788865-03:00",
    "location_lat": -20.2670533,
    "location_lng": -50.2646485,
    "status": "active",
    "resolved_at": null,
    "accuracy": 20,
    "address": "Rua Aicás, 65 - Jardim Residencial Uirapuru, Fernandópolis - SP, Brasil"
  },
  {
    "id": "8db0a34e-b41a-4c50-8ca6-b7a88f6932a0",
    "patient_id": "55184598-3ce5-4068-804d-f4d9313a35ac",
    "triggered_by": "b36c1774-bcda-4e2e-9ccf-b20c23089c40",
    "created_at": "2025-12-20T03:32:15.562301-03:00",
    "location_lat": -20.2670533,
    "location_lng": -50.2646485,
    "status": "active",
    "resolved_at": null,
    "accuracy": 20,
    "address": "Rua Aicás, 65 - Jardim Residencial Uirapuru, Fernandópolis - SP, Brasil"
  },
  {
    "id": "adebda56-ca92-4b97-804e-31ccf0b5d288",
    "patient_id": "55184598-3ce5-4068-804d-f4d9313a35ac",
    "triggered_by": "b36c1774-bcda-4e2e-9ccf-b20c23089c40",
    "created_at": "2025-12-20T03:32:45.212798-03:00",
    "location_lat": -20.2670533,
    "location_lng": -50.2646485,
    "status": "active",
    "resolved_at": null,
    "accuracy": 20,
    "address": "Rua Aicás, 65 - Jardim Residencial Uirapuru, Fernandópolis - SP, Brasil"
  },
  {
    "id": "4bc2f7ce-43b1-4161-b848-ed7945607314",
    "patient_id": "55184598-3ce5-4068-804d-f4d9313a35ac",
    "triggered_by": "b36c1774-bcda-4e2e-9ccf-b20c23089c40",
    "created_at": "2025-12-20T03:33:09.228096-03:00",
    "location_lat": -20.2670533,
    "location_lng": -50.2646485,
    "status": "active",
    "resolved_at": null,
    "accuracy": 20,
    "address": "Rua Aicás, 65 - Jardim Residencial Uirapuru, Fernandópolis - SP, Brasil"
  },
  {
    "id": "aa7307e8-5fa9-42b9-95ea-dc3bf9d96eed",
    "patient_id": "55184598-3ce5-4068-804d-f4d9313a35ac",
    "triggered_by": "b36c1774-bcda-4e2e-9ccf-b20c23089c40",
    "created_at": "2025-12-20T03:34:48.453083-03:00",
    "location_lat": -20.2670533,
    "location_lng": -50.2646485,
    "status": "active",
    "resolved_at": null,
    "accuracy": 20,
    "address": "Rua Aicás, 65 - Jardim Residencial Uirapuru, Fernandópolis - SP, Brasil"
  },
  {
    "id": "0b82be6e-53b5-43fa-9fb2-3250b87cbd68",
    "patient_id": "55184598-3ce5-4068-804d-f4d9313a35ac",
    "triggered_by": "b36c1774-bcda-4e2e-9ccf-b20c23089c40",
    "created_at": "2025-12-20T03:36:26.937759-03:00",
    "location_lat": -20.2670822,
    "location_lng": -50.2649304,
    "status": "active",
    "resolved_at": null,
    "accuracy": 100,
    "address": null
  },
  {
    "id": "7f5290fd-41d4-4375-934d-a107b6a25b59",
    "patient_id": "55184598-3ce5-4068-804d-f4d9313a35ac",
    "triggered_by": "b36c1774-bcda-4e2e-9ccf-b20c23089c40",
    "created_at": "2025-12-20T03:40:07.486344-03:00",
    "location_lat": -20.2670746,
    "location_lng": -50.264937,
    "status": "active",
    "resolved_at": null,
    "accuracy": 16.5270004272461,
    "address": null
  },
  {
    "id": "834a21b4-14f8-4955-af5a-43f1480561e9",
    "patient_id": "55184598-3ce5-4068-804d-f4d9313a35ac",
    "triggered_by": "b36c1774-bcda-4e2e-9ccf-b20c23089c40",
    "created_at": "2025-12-20T03:40:34.252242-03:00",
    "location_lat": -20.2670533,
    "location_lng": -50.2646485,
    "status": "active",
    "resolved_at": null,
    "accuracy": 20,
    "address": "Rua Aicás, 65 - Jardim Residencial Uirapuru, Fernandópolis - SP, Brasil"
  },
  {
    "id": "e529ccc0-6ddd-4edd-b432-2abbdae58129",
    "patient_id": "55184598-3ce5-4068-804d-f4d9313a35ac",
    "triggered_by": "b36c1774-bcda-4e2e-9ccf-b20c23089c40",
    "created_at": "2025-12-20T03:40:57.444209-03:00",
    "location_lat": -20.2670533,
    "location_lng": -50.2646485,
    "status": "active",
    "resolved_at": null,
    "accuracy": 20,
    "address": "Rua Aicás, 65 - Jardim Residencial Uirapuru, Fernandópolis - SP, Brasil"
  },
  {
    "id": "f84ccca2-3e2d-44b8-a9cc-5672548a02a7",
    "patient_id": "55184598-3ce5-4068-804d-f4d9313a35ac",
    "triggered_by": "b36c1774-bcda-4e2e-9ccf-b20c23089c40",
    "created_at": "2025-12-20T03:41:32.073668-03:00",
    "location_lat": -20.2670533,
    "location_lng": -50.2646485,
    "status": "active",
    "resolved_at": null,
    "accuracy": 20,
    "address": "Rua Aicás, 65 - Jardim Residencial Uirapuru, Fernandópolis - SP, Brasil"
  }
]