[
  {
    "id": "f78f93b2-8791-4203-bdf8-3ff7ed441eae",
    "name": "sigsistemas e consultoria asdfasdf asdf asdf asdf asdf asdf asdf ",
    "logo_url": "https://ahjywlsnmmkavgtkvpod.supabase.co/storage/v1/object/public/sponsors/0.9446978724129629.png",
    "website_url": "www.sigsis.com.br",
    "active": true,
    "created_at": "2025-12-06T16:22:36.494195-03:00",
    "description": "sigsisa sdfasd fasdf asd fasdfasdfsadfsad",
    "whatsapp": "https://wa.me/5517991426306",
    "tiktok": "https://tiktok.com/silviogregorio",
    "youtube": "https://www.youtube.com/aaa",
    "instagram": "https://instagram.com/silviogregorio",
    "facebook": "https://facebook.com/silviogregorio",
    "ibge_code": "3515509",
    "city": "FERNANDÓPOLIS",
    "state": "SP",
    "weight": 1,
    "instagram_url": "https://www.instagram.com/pref.fernandopolis",
    "facebook_url": "https://www.facebook.com/prefeituradefernandopolis",
    "whatsapp_url": "https://wa.me/551734650150",
    "youtube_url": null,
    "show_on_landing_page": false
  }
]